user_status,discount
Student,11.68482894854384
Pensioner,13.754623649703147
Veteran,8.602918177911405
Employee,8.195654714136916
Unemployed,9.166679067870408
Disabled,2.82938
LargeFamily,8.32453
Military,3.7820
HealthcareWorker,10.98
Teacher,4.273
